{
  "num_workers": 1,
  "total_wall_time_s": 152072.9008011763,
  "speedup": 0.9472796955882549,
  "runs": [
    {
      "P": 1,
      "seed": 42,
      "wall_time_s": 148794.49280389107,
      "speedup": 0.9677777536416611,
      "sync_rounds": 50,
      "merged_weight_counts": [
        12,
        11,
        14,
        22,
        23,
        14,
        24,
        16,
        24,
        6,
        13,
        7,
        18,
        5,
        12,
        19,
        8,
        12,
        16,
        18,
        10,
        16,
        18,
        11,
        18,
        17,
        13,
        7,
        7,
        11,
        9,
        9,
        23,
        8,
        19,
        15,
        17,
        7,
        9,
        21,
        5,
        12,
        22,
        11,
        8,
        18,
        7,
        22,
        20,
        23
      ]
    },
    {
      "P": 1,
      "seed": 142,
      "wall_time_s": 156287.50107177626,
      "speedup": 0.9213788627528625,
      "sync_rounds": 50,
      "merged_weight_counts": [
        18,
        10,
        21,
        9,
        17,
        16,
        21,
        19,
        12,
        18,
        24,
        8,
        24,
        8,
        13,
        9,
        23,
        8,
        19,
        20,
        11,
        15,
        18,
        20,
        16,
        18,
        24,
        13,
        23,
        22,
        12,
        20,
        7,
        16,
        18,
        11,
        17,
        9,
        8,
        12,
        23,
        11,
        17,
        21,
        6,
        6,
        8,
        18,
        11,
        11
      ]
    },
    {
      "P": 1,
      "seed": 242,
      "wall_time_s": 149422.27427809636,
      "speedup": 0.9637117404062213,
      "sync_rounds": 50,
      "merged_weight_counts": [
        17,
        13,
        22,
        7,
        11,
        24,
        9,
        13,
        21,
        13,
        7,
        7,
        15,
        19,
        9,
        18,
        20,
        13,
        19,
        13,
        14,
        7,
        19,
        9,
        16,
        10,
        22,
        11,
        19,
        12,
        23,
        17,
        10,
        19,
        13,
        20,
        23,
        8,
        23,
        6,
        13,
        9,
        6,
        24,
        19,
        8,
        5,
        11,
        15,
        22
      ]
    },
    {
      "P": 1,
      "seed": 342,
      "wall_time_s": 150946.04604275103,
      "speedup": 0.9539832527923006,
      "sync_rounds": 50,
      "merged_weight_counts": [
        5,
        6,
        9,
        11,
        14,
        7,
        11,
        12,
        5,
        17,
        6,
        15,
        17,
        24,
        15,
        23,
        22,
        19,
        5,
        6,
        18,
        11,
        24,
        5,
        17,
        5,
        13,
        17,
        9,
        6,
        22,
        15,
        11,
        16,
        11,
        9,
        16,
        21,
        10,
        8,
        9,
        18,
        11,
        23,
        7,
        16,
        7,
        6,
        11,
        12
      ]
    },
    {
      "P": 1,
      "seed": 442,
      "wall_time_s": 154914.1898093667,
      "speedup": 0.9295468683482292,
      "sync_rounds": 50,
      "merged_weight_counts": [
        21,
        15,
        15,
        24,
        22,
        14,
        18,
        9,
        10,
        7,
        23,
        6,
        23,
        11,
        15,
        14,
        6,
        23,
        5,
        7,
        19,
        14,
        11,
        18,
        20,
        17,
        6,
        19,
        6,
        20,
        11,
        10,
        10,
        16,
        10,
        16,
        18,
        9,
        6,
        12,
        6,
        16,
        20,
        20,
        24,
        18,
        16,
        24,
        5,
        17
      ]
    }
  ]
}